{"num_questions": 85, "exp_score": 0.5458823529411765, "bl_score": 0.6988235294117647, "rtw": ["123921073", "288021004", "296374008", "364937005", "575786003", "77003006", "VG_1144593", "VG_1202957", "VG_1556504", "VG_1805859", "VG_1879648", "VG_1968320", "VG_418513", "VG_434513", "VG_625252", "VG_630118", "VG_774240"], "wtr": ["210134007", "542640000", "VG_1464775", "VG_1896010"], "rtw_count": 17, "wtr_count": 4}