{"num_questions": 351, "exp_score": 0.5470085470085468, "bl_score": 0.6829059829059829, "rtw": ["123921073", "216962003", "288021004", "29288002", "295134003", "296374008", "306232006", "34524001", "354088002", "364937005", "38630006", "417085023", "424388004", "442323005", "489844015", "493428006", "496509010", "50134001", "507684004", "575786003", "77003006", "78274009", "80085002", "81081006", "89804005", "VG_1064717", "VG_1106761", "VG_1127229", "VG_1144593", "VG_1196507", "VG_1202957", "VG_1299962", "VG_1387989", "VG_1556504", "VG_1799693", "VG_1805859", "VG_1841992", "VG_1852797", "VG_1879648", "VG_1881720", "VG_1968320", "VG_231247", "VG_290757", "VG_325730", "VG_389620", "VG_392220", "VG_393870", "VG_418513", "VG_434513", "VG_507789", "VG_528826", "VG_587718", "VG_610244", "VG_625252", "VG_630118", "VG_673933", "VG_768900", "VG_774240", "VG_841161", "VG_931823"], "wtr": ["14713001", "179317019", "210134007", "232167008", "419979003", "496264000", "542640000", "577669000", "VG_1079085", "VG_1464775", "VG_1896010", "VG_646132"], "rtw_count": 60, "wtr_count": 12}