{"num_questions": 887, "exp_score": 0.43382187147688867, "bl_score": 0.5264937993235627, "rtw": ["10694020", "1342045", "145101003", "149027001", "164502002", "166521013", "178370005", "226374003", "229035002", "229885001", "230209004", "234475007", "24625002", "248565000", "250711001", "26025003", "314182003", "32001017", "320533008", "33672000", "343213000", "352684000", "368240006", "372024001", "37709001", "407037001", "416078002", "443038001", "456987026", "4575000", "471629001", "480818011", "49731014", "497504002", "508656003", "515854012", "535860002", "555857002", "566583019", "574077007", "576040001", "62591001", "77624001", "93720003", "VG_1015496", "VG_1015870", "VG_1032743", "VG_1034589", "VG_1066004", "VG_1098799", "VG_1101519", "VG_1126780", "VG_1146483", "VG_1185417", "VG_1196143", "VG_1223172", "VG_1226718", "VG_1242461", "VG_1269620", "VG_1275447", "VG_1277007", "VG_1307294", "VG_1310531", "VG_1339742", "VG_1339747", "VG_1347813", "VG_138007", "VG_1391173", "VG_1400311", "VG_1405937", "VG_1450681", "VG_1517668", "VG_1532874", "VG_1536108", "VG_1560076", "VG_1572023", "VG_1635144", "VG_1638568", "VG_1643500", "VG_1649114", "VG_1676268", "VG_1848231", "VG_1892037", "VG_1952287", "VG_283353", "VG_320755", "VG_343065", "VG_373807", "VG_446205", "VG_514701", "VG_515370", "VG_515371", "VG_571335", "VG_624946", "VG_703808", "VG_712241", "VG_724486", "VG_792251", "VG_841653", "VG_850052", "VG_869155", "VG_873823", "VG_897658", "VG_903869", "VG_913072", "VG_920186", "VG_940413"], "wtr": ["131131001", "15073000", "157205002", "187488000", "192827010", "207545002", "228330002", "243018001", "252811000", "254984002", "256806007", "287140001", "295693001", "369731001", "385320001", "473952002", "544347007", "580953000", "62943000", "64859002", "8583032", "95227007", "VG_1100794", "VG_1327462", "VG_1477474", "VG_1689116", "VG_1812896", "VG_1832352", "VG_215110", "VG_221793", "VG_250786", "VG_353119", "VG_626713"], "rtw_count": 107, "wtr_count": 33}