{"num_questions": 3626, "exp_score": 0.7719525648097082, "bl_score": 0.7770821842250418, "rtw": ["111759000", "11887001", "140636010", "145682001", "150254004", "158556000", "212895000", "213036004", "219943022", "226404001", "25385007", "26263002", "263881000", "288021004", "296374008", "30114000", "333703001", "342665001", "344661002", "365822003", "409722003", "441876002", "454078007", "485187001", "513852002", "535135005", "54003000", "561326010", "565399009", "568725007", "77003006", "77603012", "94631021", "VG_1144593", "VG_1202957", "VG_1348333", "VG_1556504", "VG_1574600", "VG_1781681", "VG_1805859", "VG_1846037", "VG_1908840", "VG_1945712", "VG_1968320", "VG_434513", "VG_774240"], "wtr": ["210134007", "220376001", "224079000", "22478002", "224949005", "244317002", "24990000", "271881003", "280540004", "291126004", "299689001", "339344004", "341645000", "36764017", "44781003", "463482003", "470005005", "526645001", "578508000", "61377000", "62198006", "72573002", "79229015", "86464001", "VG_1805795", "VG_1896010"], "rtw_count": 46, "wtr_count": 26}