{"num_questions": 833, "exp_score": 0.5079231692677074, "bl_score": 0.6159663865546223, "rtw": ["10694020", "107384000", "123921073", "145101003", "149027001", "164502002", "166521013", "216962003", "229885001", "24625002", "248565000", "26025003", "268397000", "288021004", "289545007", "29288002", "296374008", "306232006", "33672000", "34524001", "354088002", "364937005", "368240006", "407037001", "416078002", "417085023", "424388004", "424459004", "442323005", "443038001", "4575000", "474405000", "489844015", "493428006", "496509010", "50134001", "507684004", "508656003", "515854012", "555857002", "566583019", "574077007", "575786003", "576040001", "77003006", "77624001", "92213000", "93720003", "VG_1000002", "VG_1015870", "VG_1064717", "VG_1066004", "VG_1098799", "VG_1126780", "VG_1144593", "VG_1185417", "VG_1196143", "VG_1196507", "VG_1202957", "VG_1269620", "VG_1275447", "VG_1277007", "VG_1307294", "VG_1310531", "VG_1339742", "VG_1347813", "VG_138007", "VG_1400311", "VG_1405937", "VG_1450681", "VG_1467873", "VG_1497821", "VG_1536108", "VG_1556504", "VG_1572023", "VG_1635144", "VG_1638568", "VG_1676268", "VG_1805859", "VG_1848231", "VG_1879648", "VG_1881720", "VG_1952287", "VG_1968320", "VG_231247", "VG_283353", "VG_290753", "VG_290757", "VG_325730", "VG_343065", "VG_373807", "VG_392220", "VG_393870", "VG_404414", "VG_418513", "VG_434513", "VG_507789", "VG_514701", "VG_515370", "VG_528826", "VG_610244", "VG_624946", "VG_625252", "VG_630118", "VG_673933", "VG_703808", "VG_712241", "VG_724486", "VG_768900", "VG_774240", "VG_792251", "VG_841161", "VG_841653", "VG_869155", "VG_873823", "VG_897658", "VG_903869", "VG_920186", "VG_931823", "VG_996517"], "wtr": ["122653001", "131131001", "14713001", "15073000", "179317019", "210134007", "232167008", "243018001", "254984002", "287140001", "295693001", "369731001", "419979003", "496264000", "542640000", "544347007", "62943000", "64859002", "71072002", "VG_1100794", "VG_1137358", "VG_1327462", "VG_1477474", "VG_1689116", "VG_1691319", "VG_1832352", "VG_1896010", "VG_1985404", "VG_221793", "VG_250786", "VG_353119", "VG_626713", "VG_646132", "VG_934406"], "rtw_count": 120, "wtr_count": 34}