{"num_questions": 582, "exp_score": 0.39518900343642616, "bl_score": 0.48917525773195886, "rtw": ["10694020", "1342045", "178370005", "226374003", "229035002", "229885001", "230209004", "234475007", "24625002", "248565000", "250711001", "26025003", "314182003", "32001017", "320533008", "33672000", "343213000", "352684000", "368240006", "372024001", "37709001", "456987026", "4575000", "471629001", "480818011", "49731014", "497504002", "508656003", "515854012", "535860002", "566583019", "574077007", "576040001", "62591001", "77624001", "93720003", "VG_1015496", "VG_1032743", "VG_1034589", "VG_1101519", "VG_1126780", "VG_1146483", "VG_1223172", "VG_1226718", "VG_1242461", "VG_1339747", "VG_1347813", "VG_1391173", "VG_1405937", "VG_1517668", "VG_1532874", "VG_1536108", "VG_1560076", "VG_1635144", "VG_1643500", "VG_1649114", "VG_1676268", "VG_1848231", "VG_1892037", "VG_320755", "VG_446205", "VG_514701", "VG_515371", "VG_571335", "VG_624946", "VG_850052", "VG_869155", "VG_903869", "VG_913072", "VG_940413"], "wtr": ["15073000", "157205002", "187488000", "192827010", "207545002", "228330002", "252811000", "254984002", "256806007", "287140001", "295693001", "369731001", "385320001", "473952002", "580953000", "62943000", "8583032", "95227007", "VG_1812896", "VG_215110", "VG_221793"], "rtw_count": 70, "wtr_count": 21}