{"num_questions": 225, "exp_score": 0.49999999999999994, "bl_score": 0.6591111111111109, "rtw": ["123921073", "288021004", "295134003", "296374008", "354088002", "364937005", "417085023", "424388004", "442323005", "489844015", "507684004", "575786003", "77003006", "78274009", "80085002", "81081006", "VG_1064717", "VG_1106761", "VG_1144593", "VG_1196507", "VG_1202957", "VG_1299962", "VG_1387989", "VG_1556504", "VG_1805859", "VG_1841992", "VG_1852797", "VG_1879648", "VG_1968320", "VG_231247", "VG_290757", "VG_325730", "VG_389620", "VG_392220", "VG_393870", "VG_418513", "VG_434513", "VG_587718", "VG_610244", "VG_625252", "VG_630118", "VG_673933", "VG_768900", "VG_774240", "VG_931823"], "wtr": ["179317019", "210134007", "232167008", "419979003", "496264000", "542640000", "VG_1079085", "VG_1464775", "VG_1896010", "VG_646132"], "rtw_count": 45, "wtr_count": 10}