{"num_questions": 19962, "exp_score": 0.7148832782286256, "bl_score": 0.7329225528504067, "rtw": ["100439029", "101535004", "102540004", "103375009", "104053000", "104099011", "105518001", "10694020", "10851001", "109125002", "109873000", "110989002", "111759000", "114978015", "115331001", "11887001", "121414007", "123457011", "123921073", "125836000", "127103000", "128943002", "129474002", "129576007", "129977001", "1342045", "136572000", "136711002", "138749004", "140636010", "142201000", "143532007", "145101003", "145682001", "147409001", "14892004", "149027001", "150254004", "150435131", "151820003", "152677003", "155582001", "156276003", "156859024", "158208002", "158556000", "160126000", "160199001", "160624000", "163497000", "164076000", "164502002", "164603001", "164810001", "166137002", "167996001", "17489002", "175946002", "176085005", "178178002", "178236003", "178370005", "179285000", "18040001", "184892003", "185821003", "187743001", "190664004", "191847001", "194352001", "195163016", "196758002", "197850008", "198234002", "200008002", "201561013", "202582000", "210042005", "210580019", "211051020", "211098007", "211775002", "212384002", "212523000", "212895000", "213036004", "213438002", "214658000", "216962003", "217228005", "219492005", "219943022", "223122001", "223481003", "225044000", "225923000", "226374003", "226404001", "226544001", "226679005", "229035002", "229885001", "231373004", "232173001", "234475007", "238212002", "238749000", "241347010", "242246003", "24625002", "248565000", "25385007", "253904010", "256141000", "256214002", "256973006", "260126002", "260547003", "26152000", "26263002", "263881000", "265745004", "269392002", "270001005", "271488001", "272241002", "272706003", "274298002", "276055005", "276986000", "277202000", "27750000", "278710008", "279182000", "279477000", "28011001", "281650008", "281700000", "281855006", "282385000", "283168002", "283495022", "284639003", "284884000", "287095008", "287221001", "28758005", "288021004", "288700002", "289699007", "291493001", "291770003", "292537001", "292543000", "29288002", "292973011", "293505006", "294581009", "2951004", "295134003", "296281042", "296374008", "296816008", "296876001", "296906005", "297374000", "298162030", "30114000", "30196000", "303668006", "306232006", "308715001", "30910000", "310289002", "310573000", "311174004", "311524000", "312748002", "313924000", "314182003", "314986006", "315425000", "31588006", "317592002", "318193004", "320533008", "321097002", "321642001", "323149003", "323851000", "324971008", "325042001", "32675003", "327578009", "329952017", "330187002", "332960004", "333703001", "334809002", "336954001", "342665001", "342666004", "344661002", "344875003", "345549002", "347135002", "348523002", "350444001", "350969003", "351489003", "351989007", "352684000", "354088002", "355905004", "356863008", "356863031", "356868001", "358599010", "364075002", "364090000", "364937005", "36498000", "365657002", "365822003", "367818004", "368240006", "370278009", "370522025", "371531003", "372024001", "372625002", "37382001", "374641001", "377809003", "378048003", "379434034", "379467001", "379558001", "380126006", "380247009", "383875015", "38630006", "386530003", "386704002", "388161004", "389295001", "390883003", "391229004", "391259002", "391444003", "391895000", "393282000", "394776001", "395850001", "396835008", "39754000", "397941009", "39828002", "399973004", "400286002", "400606000", "401001000", "402213003", "40259003", "402783006", "403349001", "406938006", "407037001", "408099002", "409722003", "412613009", "4139005", "414684002", "415016003", "416078002", "417085023", "41729002", "417854003", "418989000", "421144002", "42288003", "424388004", "426803006", "426997001", "427986001", "428712002", "430002002", "431378002", "434066002", "435327002", "435475003", "436265005", "43645002", "436963000", "438753002", "441116004", "441650003", "441876002", "442323005", "443038001", "446900002", "449560000", "449939000", "45099000", "451032002", "451793002", "45240000", "453106006", "453452002", "454078007", "45710001", "4575000", "458054003", "458702000", "459821002", "460453002", "460723003", "463417002", "464605001", "467929004", "468525006", "470454002", "470485003", "470912008", "471629001", "471686000", "475313001", "475443001", "476233009", "476276007", "477438001", "477911005", "478597000", "479621002", "479990002", "482071000", "48273001", "48383002", "484062004", "485187001", "485239005", "485844020", "486452011", "488454002", "489844015", "491804005", "491845005", "492609003", "493428006", "49363011", "494055002", "49508002", "496434003", "496509010", "497504002", "498988014", "49988006", "499903000", "500663001", "501023000", "50134001", "503234003", "505945001", "507684004", "507875004", "507893015", "509210015", "510768000", "513532003", "513852002", "515854012", "517070000", "518025001", "520799001", "522722012", "522992002", "523358002", "528786002", "529322001", "529389001", "530030003", "530038000", "530854005", "532403001", "532988000", "533074000", "535135005", "536200046", "537255002", "537982006", "539678000", "54003000", "541541009", "541832000", "543631005", "546378001", "550181001", "550365002", "552641011", "553495001", "555475000", "555495007", "555577002", "555857002", "556938003", "558457001", "559107002", "559925003", "561326010", "563711010", "564982059", "565399009", "566583019", "566724008", "56715005", "568272004", "568725007", "570344000", "572993002", "573807001", "573961004", "574057008", "574077007", "574453003", "575187001", "575544000", "575786003", "576417000", "576576004", "578961007", "579081001", "579773006", "580026002", "581223001", "581302001", "58733000", "59237002", "61697007", "62046005", "64264015", "65837008", "65971002", "66038000", "66157002", "66539000", "6753000", "67788006", "6847002", "68717002", "68814000", "7040005", "75373005", "77003006", "77603012", "77814003", "78274009", "79151006", "79896007", "80085002", "81081006", "82765007", "84548000", "85114001", "86884008", "87489002", "89804005", "89895000", "89973000", "90352001", "90676001", "90802001", "91612008", "93720003", "94631021", "94760002", "95554001", "96435015", "98839000", "VG_1000065", "VG_1003623", "VG_1015870", "VG_1019018", "VG_1032743", "VG_1037117", "VG_1064717", "VG_1091382", "VG_1098799", "VG_1101519", "VG_1106761", "VG_1111334", "VG_1124185", "VG_1126780", "VG_1127229", "VG_1144593", "VG_1185417", "VG_1196143", "VG_1196507", "VG_1202957", "VG_1223172", "VG_1226718", "VG_1242461", "VG_1255971", "VG_1269620", "VG_1269628", "VG_1271459", "VG_1275447", "VG_1277007", "VG_1299962", "VG_1307294", "VG_1327444", "VG_1327464", "VG_1339742", "VG_1347813", "VG_1348333", "VG_1387989", "VG_1391173", "VG_1400311", "VG_1405937", "VG_1484055", "VG_1497822", "VG_1517668", "VG_1530434", "VG_1532874", "VG_1536108", "VG_1549704", "VG_1556504", "VG_1560076", "VG_1574600", "VG_1599684", "VG_1606933", "VG_1623228", "VG_1635144", "VG_1638568", "VG_1643500", "VG_1649114", "VG_1667212", "VG_1676268", "VG_1698318", "VG_1709537", "VG_1739873", "VG_1781681", "VG_1799693", "VG_1805859", "VG_1820075", "VG_1846037", "VG_1852797", "VG_1871313", "VG_1881720", "VG_1886229", "VG_1892037", "VG_1902896", "VG_1908840", "VG_1945712", "VG_1952287", "VG_1968320", "VG_1982132", "VG_1991411", "VG_221794", "VG_231247", "VG_245063", "VG_283353", "VG_290757", "VG_320755", "VG_325730", "VG_360092", "VG_373807", "VG_389620", "VG_392220", "VG_393870", "VG_404414", "VG_418513", "VG_434512", "VG_434513", "VG_479996", "VG_507789", "VG_514701", "VG_515370", "VG_515371", "VG_526724", "VG_528826", "VG_550936", "VG_571335", "VG_587718", "VG_607130", "VG_610244", "VG_624946", "VG_625252", "VG_630118", "VG_673933", "VG_703808", "VG_712241", "VG_724486", "VG_732118", "VG_744564", "VG_752893", "VG_768900", "VG_769031", "VG_774240", "VG_783721", "VG_792251", "VG_796351", "VG_801387", "VG_841161", "VG_850052", "VG_869155", "VG_873823", "VG_887036", "VG_903869", "VG_913072",