{"num_questions": 57, "exp_score": 0.5578947368421052, "bl_score": 0.7280701754385965, "rtw": ["123921073", "288021004", "296374008", "77003006", "VG_1144593", "VG_1202957", "VG_1556504", "VG_1805859", "VG_1879648", "VG_418513", "VG_434513", "VG_774240"], "wtr": ["210134007", "VG_1896010"], "rtw_count": 12, "wtr_count": 2}