{"num_questions": 414, "exp_score": 0.38937198067632833, "bl_score": 0.4722222222222221, "rtw": ["1342045", "178370005", "226374003", "229035002", "230209004", "234475007", "250711001", "314182003", "32001017", "320533008", "343213000", "352684000", "372024001", "37709001", "456987026", "471629001", "480818011", "49731014", "497504002", "535860002", "62591001", "VG_1015496", "VG_1032743", "VG_1034589", "VG_1101519", "VG_1146483", "VG_1223172", "VG_1226718", "VG_1242461", "VG_1339747", "VG_1391173", "VG_1517668", "VG_1532874", "VG_1560076", "VG_1643500", "VG_1649114", "VG_1892037", "VG_320755", "VG_446205", "VG_515371", "VG_571335", "VG_850052", "VG_913072", "VG_940413"], "wtr": ["157205002", "187488000", "192827010", "207545002", "228330002", "252811000", "256806007", "385320001", "473952002", "580953000", "8583032", "95227007", "VG_1812896", "VG_215110"], "rtw_count": 44, "wtr_count": 14}