{"num_questions": 141, "exp_score": 0.5134751773049646, "bl_score": 0.6638297872340425, "rtw": ["123921073", "288021004", "296374008", "364937005", "575786003", "77003006", "78274009", "80085002", "81081006", "VG_1144593", "VG_1202957", "VG_1556504", "VG_1805859", "VG_1852797", "VG_1879648", "VG_1968320", "VG_325730", "VG_393870", "VG_418513", "VG_434513", "VG_610244", "VG_625252", "VG_630118", "VG_768900", "VG_774240"], "wtr": ["210134007", "232167008", "419979003", "542640000", "VG_1464775", "VG_1896010"], "rtw_count": 25, "wtr_count": 6}