{"num_questions": 667, "exp_score": 0.5101949025487258, "mexp_score": 0.5316341829085458, "bl_score": 0.6355322338830586, "rtw": ["122653001", "187743001", "220932002", "292543000", "295134003", "38630006", "396835008", "430002002", "49363011", "509210015", "544347007", "71072002", "78274009", "80085002", "81081006", "87489002", "89804005", "98839000", "VG_1100794", "VG_1106761", "VG_1127229", "VG_1137358", "VG_1271459", "VG_1299962", "VG_1327462", "VG_1387989", "VG_1477474", "VG_1497822", "VG_1689116", "VG_1691319", "VG_1799693", "VG_1832352", "VG_1841992", "VG_1852797", "VG_1985404", "VG_250786", "VG_353119", "VG_389620", "VG_550936", "VG_587718", "VG_744564", "VG_783721", "VG_801387", "VG_934406"], "wtr": ["106736000", "107384000", "166521013", "268397000", "289545007", "424459004", "474405000", "574207003", "577669000", "92213000", "96969004", "VG_1000002", "VG_1066004", "VG_1079085", "VG_1088857", "VG_1310531", "VG_1339742", "VG_138007", "VG_1464775", "VG_1467873", "VG_1497821", "VG_1911290", "VG_290753", "VG_343065", "VG_404414", "VG_841653", "VG_897658", "VG_920186", "VG_996517"], "rtw_count": 44, "wtr_count": 29}