{"num_questions": 7040, "exp_score": 0.6192471590909097, "bl_score": 0.7304261363636376, "rtw": ["101785001", "105194001", "105195000", "105469003", "105522016", "106104001", "107375001", "107548000", "107564009", "110634004", "11146005", "111967003", "114398001", "118724000", "120905001", "121215004", "121867001", "123836000", "123995003", "124452003", "124873000", "126825004", "126943001", "126943005", "130164007", "132814008", "136559000", "139049002", "139618003", "140044015", "140080000", "142779002", "143129002", "147970007", "150224000", "150924002", "152501021", "154020000", "155319002", "156170002", "15618002", "157278001", "159972002", "160110004", "160110011", "160624000", "161762001", "162130000", "162130008", "163771002", "164602011", "168375002", "168543005", "168775000", "170326001", "170519005", "171959000", "174238003", "174258002", "177959000", "180964003", "18098001", "180984004", "181013000", "181734004", "182379001", "182821006", "183224003", "183603000", "18425001", "186116003", "187574005", "188013020", "189361001", "191325001", "192217000", "192217003", "192457000", "192793000", "192970009", "195390007", "197222002", "200033003", "201919003", "20276001", "202880004", "203661003", "207763002", "208640000", "209467001", "210448001", "210635000", "211839005", "212257004", "214150003", "214265002", "215889000", "216861001", "218334009", "218334048", "220284000", "220483001", "220651002", "220651003", "222304001", "222921001", "223992003", "224238000", "225456004", "225669015", "226527003", "227683003", "227869000", "232511001", "234834002", "236268000", "236316003", "23677004", "238029035", "239194000", "239194010", "239194013", "239309012", "240158003", "24231002", "24242010", "245530001", "245764003", "248948000", "252038012", "256539000", "256945001", "257528002", "259049002", "262347001", "263147004", "26323000", "26430003", "264722003", "26598000", "266441000", "266920002", "268897001", "269051008", "269590001", "269799002", "270554000", "27159001", "272706003", "273321001", "273537001", "274134005", "276711027", "277563003", "278352001", "278393002", "278638002", "279450001", "279818001", "279920008", "280473000", "280670000", "281161001", "282940011", "284296001", "284703003", "28758008", "289871004", "290619006", "291214000", "291560000", "291560002", "291686004", "29194003", "292688006", "29327000", "293793022", "29484001", "295068002", "295285003", "296374008", "298251002", "299089009", "299307012", "300558005", "30205003", "30238000", "30535002", "305527002", "306383000", "306506012", "306570000", "306584004", "307054002", "310804002", "311295002", "311309001", "312724000", "314899004", "315425000", "316396000", "318763002", "31893016", "319190009", "321006001", "321150002", "321633004", "324160003", "32442000", "325799021", "325856015", "326209001", "32627001", "32688004", "329638004", "330768001", "331223000", "332315000", "333034008", "336265004", "337156008", "338197002", "338458000", "339674006", "341075001", "342495000", "343438001", "344187010", "344860002", "34580004", "34629002", "346310003", "347135002", "347171006", "349926002", "35105003", "351154005", "35127010", "351972016", "351989006", "352118000", "352945000", "353624000", "354291000", "354744002", "357167002", "35725002", "358869001", "359843007", "360512001", "362247002", "362327001", "362346001", "363344000", "369438004", "36950000", "370224001", "3711007", "371250001", "37193005", "371957002", "3735003", "373585004", "375815000", "375962001", "377366000", "379777000", "380058002", "381642017", "382256000", "382318004", "385464001", "385724004", "386092002", "386112005", "388575001", "388779005", "389964004", "3911011", "391290003", "392624002", "392624018", "393809002", "394773003", "39553007", "395592000", "397675001", "400633002", "401244011", "401244016", "401561000", "403143003", "403278000", "405057002", "405191014", "405778007", "406189000", "412631002", "412687004", "412687005", "419872004", "419872007", "42105013", "422622002", "422623003", "423723002", "426538000", "431557000", "433705000", "434326000", "434329001", "434333000", "434526006", "434986008", "437714006", "438753001", "438753002", "443075003", "444582001", "444893001", "44524001", "447549002", "447891001", "450396001", "451621003", "452027001", "452027004", "45240000", "453475000", "453475005", "453870002", "458481003", "458594000", "459401012", "459401017", "461245006", "461339001", "461871003", "463628002", "467522001", "468456001", "471771001", "473042007", "473044001", "473595002", "474439004", "474800000", "474941002", "475033001", "475735008", "476607025", "477216008", "478262004", "478821000", "47954000", "47983006", "48162001", "48204011", "482202003", "48268003", "482800006", "482910000", "483941004", "484260002", "485564003", "486254000", "487191008", "488368002", "489304002", "489890002", "490908001", "493202011", "494679001", "499591002", "501002003", "501773001", "502816001", "503294005", "503385000", "504020000", "505650000", "506955009", "509735008", "511384002", "511390001", "512086004", "512769003", "513016002", "513200000", "513200003", "513775005", "515006004", "515064000", "517959002", "518348007", "518348008", "520272000", "520736002", "520840001", "521282032", "524063008", "526132000", "526594002", "526713003", "528748000", "528748003", "528748005", "528748007", "529345005", "529353008", "52996001", "5313003", "532631000", "533678001", "534213002", "534656001", "535284001", "536200026", "537343002", "540135003", "540330003", "544856006", "545285000", "545678001", "546474001", "546869000", "547041003", "547960013", "551063004", "552761000", "553165001", "553827008", "553918005", "553918006", "554098000", "554823003", "555012000", "556932005", "557628004", "558736000", "560365007", "561180001", "562443003", "563061005", "563061011", "564109000", "56435016", "565018000", "566847000", "56715005", "567305002", "569289001", "571909014", "571953029", "574384000", "575410002", "575574003", "57702000", "577796001", "578362001", "580796001", "58403002", "59114000", "60316001", "60710002", "6182004", "63403001", "64313000", "65456020", "65456051", "66121002", "67572000", "68401003", "68625001", "68717002", "6896006", "71021000", "71596000", "7179016", "75458005", "7566000", "75999008", "764003", "76971000", "77003006", "776003", "78781025", "80609003", "81592001", "8267003", "85007001", "8583026", "882001", "88562001", "89187004", "89880034", "94118002", "97097002", "97543002", "99701042", "VG_1001444", "VG_1001449", "VG_1001476", "VG_1001480", "VG_1001501", "VG_1001509", "VG_1003682", "VG_1005501", "VG_1008208", "VG_1015667", "VG_1016658", "VG_1024975", "VG_1027177", "VG_1027187", "VG_1028304", "VG_1028763", "VG_1032364", "VG_1032620", "VG_1032623", "VG_1035707", "VG_1037634", "VG_1039047", "VG_1041950", "VG_1045740", "VG_1048246", "VG_1051511", "VG_1054570", "VG_1054581", "VG_1054590", "VG_1055432", "VG_1060974", "VG_1062041", "VG_1064154", "VG_1064157", "VG_1066782", "VG_1066783", "VG_1066792", "VG_1072935", "VG_1073225", "VG_1074533", "VG_1078921", "VG_1080255", "VG_1082383", "VG_1085134", "VG_1088774", "VG_1092410", "VG_1093529", "VG_1093541", "VG_1095197", "VG_1101390", "VG_1114212", "VG_1114213", "VG_1114220", "VG_1114222", "VG_1115504", "VG_1116920", "VG_1127093", "VG_1128276", "VG_1130971", "VG_1131078", "VG_1131090", "VG_1131360", "VG_1132668", "VG_1133495", "VG_1133502", "VG_1135232", "VG_1135245", "VG_1135750", "VG_1135988", "VG_1144284", "VG_1144285", "VG_1144292", "VG_1144306", "VG_1147154", "VG_1149699", "VG_1150001", "VG_1153237", "VG_1156722", "VG_1157206", "VG_1158002", "VG_1160039", "VG_1160053", "VG_1160067", "VG_1163066", "VG_1172529", "VG_1174702", "VG_1181326", "VG_1181337", "VG_1181930", "VG_1181951", "VG_1181960", "VG_1192714", "VG_1192717", "VG_1193009", "VG_1193916", "VG_1196230", "VG_1196244", "VG_1196908", "VG_1196913", "VG_1196922", "VG_1196966", "VG_1197968", "VG_1201713", "VG_1202957", "VG_1204376", "VG_1204650", "VG_1204652", 