{"num_questions": 1236, "exp_score": 0.4512135922330102, "bl_score": 0.5717637540453079, "rtw": ["104053000", "10694020", "123921073", "1342045", "145101003", "149027001", "152677003", "158208002", "164502002", "178370005", "187181003", "187743001", "216962003", "220932002", "226374003", "229035002", "229885001", "234475007", "24625002", "248565000", "28011001", "284639003", "288021004", "292512008", "292543000", "29288002", "295134003", "296374008", "306232006", "314182003", "32001017", "320533008", "34524001", "352684000", "354088002", "364937005", "368240006", "370522025", "372024001", "38630006", "396835008", "397941009", "407037001", "416078002", "417085023", "418054001", "424388004", "430002002", "442323005", "443038001", "4575000", "471629001", "489844015", "493428006", "49363011", "496509010", "49731014", "497504002", "499903000", "50134001", "507684004", "509210015", "515854012", "523358002", "535860002", "549942002", "555857002", "566583019", "574077007", "575786003", "66539000", "77003006", "78274009", "80085002", "81081006", "87489002", "89804005", "93720003", "98839000", "VG_1000065", "VG_1015870", "VG_1032743", "VG_1037117", "VG_1064717", "VG_1098799", "VG_1101519", "VG_1106761", "VG_1126780", "VG_1127229", "VG_1144593", "VG_1185417", "VG_1196143", "VG_1196507", "VG_1202957", "VG_1223172", "VG_1226718", "VG_1242461", "VG_1269620", "VG_1269628", "VG_1271459", "VG_1275447", "VG_1277007", "VG_1299962", "VG_1307294", "VG_1327444", "VG_1327464", "VG_1347813", "VG_1387989", "VG_1391173", "VG_1400311", "VG_1405937", "VG_1450681", "VG_1497822", "VG_1517668", "VG_1530434", "VG_1532874", "VG_1536108", "VG_1556504", "VG_1560076", "VG_1572023", "VG_1635144", "VG_1638568", "VG_1643500", "VG_1649114", "VG_1676268", "VG_1799693", "VG_1805859", "VG_1841992", "VG_1852797", "VG_1879648", "VG_1881720", "VG_1892037", "VG_1952287", "VG_1968320", "VG_221794", "VG_231247", "VG_245063", "VG_283353", "VG_290757", "VG_320755", "VG_325730", "VG_360092", "VG_373807", "VG_389620", "VG_392220", "VG_393870", "VG_418513", "VG_434512", "VG_434513", "VG_479996", "VG_507789", "VG_514701", "VG_515370", "VG_515371", "VG_526724", "VG_528826", "VG_550936", "VG_571335", "VG_587718", "VG_610244", "VG_624946", "VG_625252", "VG_630118", "VG_673933", "VG_703808", "VG_712241", "VG_724486", "VG_732118", "VG_744564", "VG_768900", "VG_774240", "VG_783721", "VG_792251", "VG_796351", "VG_801387", "VG_841161", "VG_850052", "VG_869155", "VG_873823", "VG_903869", "VG_913072", "VG_927189", "VG_931823", "VG_940413"], "wtr": ["106736000", "131131001", "144300004", "14713001", "15073000", "157651000", "179317019", "187488000", "193456001", "210134007", "228330002", "232167008", "237464000", "243018001", "247123000", "254984002", "275980026", "287140001", "293271001", "384235003", "408578004", "419979003", "473952002", "474608003", "496264000", "542640000", "574207003", "577669000", "580953000", "62943000", "64859002", "95227007", "96969004", "VG_1015577", "VG_1088857", "VG_1167804", "VG_1302594", "VG_1464775", "VG_1812896", "VG_1896010", "VG_1911290", "VG_626713", "VG_646132", "VG_913073"], "rtw_count": 184, "wtr_count": 44}